pcap_filename,up_packets,down_packets,up_bytes,down_bytes,up_size_min,up_size_max,up_size_mean,up_size_std,down_size_min,down_size_max,down_size_mean,down_size_std,up_iat_min,up_iat_max,up_iat_mean,up_iat_std,down_iat_min,down_iat_max,down_iat_mean,down_iat_std,label
abc_net_au_v9.pcap,68,77,5712,865181,60.0,589.0,84.0,63.65301157331789,72.0,56544.0,11236.116883116883,14115.780010258968,1.6927719116210938e-05,0.12175607681274414,0.003069970145154355,0.014764287412782769,9.5367431640625e-07,0.12504911422729492,0.0026583828424152577,0.014332963849979544,abc_net_au
ndtv_com_v2.pcap,15,13,1907,5698,60.0,589.0,127.13333333333334,126.34495988716324,72.0,3406.0,438.3076923076923,868.6128981680534,1.4066696166992188e-05,0.09350705146789551,0.009316069739205497,0.02353334424148955,9.5367431640625e-07,0.09727001190185547,0.010529239972432455,0.026377427757343735,ndtv_com
express_co_uk_v10.pcap,15,12,1918,6781,72.0,589.0,127.86666666666666,125.4346399081565,72.0,2928.0,565.0833333333334,877.5388365891406,8.821487426757812e-06,0.05747485160827637,0.0054781436920166016,0.014497674931234127,9.5367431640625e-07,0.06121206283569336,0.006696809421886097,0.017324536723099363,express_co_uk
cnbc_com_v9.pcap,17,14,2038,5259,60.0,589.0,119.88235294117646,120.31521460335722,72.0,2756.0,375.64285714285717,678.9287367550711,9.059906005859375e-06,0.05992293357849121,0.005678489804267883,0.014204636895507767,9.5367431640625e-07,0.06366205215454102,0.006665614935067983,0.016715040661741253,cnbc_com
nypost_com_v2.pcap,152,145,10844,1581051,60.0,577.0,71.34210526315789,60.17464771103205,60.0,57000.0,10903.8,14308.071393014021,5.0067901611328125e-06,0.057943105697631836,0.0020539271120993507,0.006291953615351098,9.5367431640625e-07,0.07044816017150879,0.0020698755979537964,0.007523331509941079,nypost_com
cnbc_com_v7.pcap,17,16,2038,5403,60.0,589.0,119.88235294117646,120.31521460335722,72.0,2756.0,337.6875,642.9700341724722,1.2874603271484375e-05,0.061341047286987305,0.005719244480133057,0.014534116131214083,9.5367431640625e-07,0.06498193740844727,0.005830526351928711,0.016056758151867447,cnbc_com
nypost_com_v6.pcap,243,316,16304,1593381,60.0,577.0,67.09465020576131,47.90735327826694,60.0,16466.0,5042.344936708861,5698.339195477474,4.0531158447265625e-06,0.8195919990539551,0.008522747961942814,0.05511380448861227,9.5367431640625e-07,0.7619130611419678,0.006510726989261688,0.04554581662599606,nypost_com
rt_com_v1.pcap,150,145,11597,393572,60.0,589.0,77.31333333333333,43.081803841322866,72.0,2968.0,2714.289655172414,771.8529958057842,6.9141387939453125e-06,0.20000386238098145,0.012596034363612233,0.035832028936296924,9.5367431640625e-07,0.3061809539794922,0.011653951472706266,0.036862557925831874,rt_com
nypost_com_v7.pcap,274,351,18164,1595104,60.0,577.0,66.2919708029197,45.17187946782912,60.0,16466.0,4544.45584045584,4776.985007096155,3.0994415283203125e-06,0.6026041507720947,0.008005857467651367,0.04365696730329875,9.5367431640625e-07,0.5897998809814453,0.006209400040762765,0.038214716064177465,nypost_com
timesofindia_com_v1.pcap,147,145,12119,1309691,60.0,589.0,82.4421768707483,61.51092256877013,72.0,56076.0,9032.35172413793,11517.365968341195,4.0531158447265625e-06,0.3100581169128418,0.0069849801390138395,0.03594900612199313,9.5367431640625e-07,0.2876448631286621,0.007052145070499844,0.03733492435763099,timesofindia_com
abc_net_au_v4.pcap,72,72,6000,865540,60.0,589.0,83.33333333333333,61.92064814475593,72.0,56544.0,12021.388888888889,16825.20559520708,4.0531158447265625e-06,0.05832099914550781,0.0016742122005408918,0.006912797402493173,9.5367431640625e-07,0.06208205223083496,0.0016170555437114878,0.007371559372321865,abc_net_au
rt_com_v4.pcap,149,144,11525,393524,60.0,589.0,77.3489932885906,43.22392547982959,72.0,2968.0,2732.8055555555557,742.1830718841262,7.867813110351562e-06,0.20028400421142578,0.0119531960100741,0.034741981889083985,9.5367431640625e-07,0.2632930278778076,0.01097199299952367,0.03436319519459537,rt_com
washingtonpost_com_v6.pcap,16,14,1985,5355,60.0,589.0,124.0625,123.09572938875662,72.0,2968.0,382.5,741.5155089409797,4.0531158447265625e-06,0.05778694152832031,0.006635745366414388,0.01424489848997777,9.5367431640625e-07,0.061280012130737305,0.007363227697519155,0.016244644028880692,washingtonpost_com
washingtonpost_com_v7.pcap,17,14,2045,5355,60.0,589.0,120.29411764705883,120.36794800350462,72.0,2968.0,382.5,741.5155089409797,5.9604644775390625e-06,0.060307979583740234,0.005973130464553833,0.014405451099466171,9.5367431640625e-07,0.06430411338806152,0.007023077744704027,0.016971738013568317,washingtonpost_com
news18_com_v3.pcap,93,91,7512,1221668,60.0,589.0,80.7741935483871,54.68858641951436,72.0,56544.0,13424.923076923076,17049.92718248816,4.0531158447265625e-06,0.05787992477416992,0.0013187709061995797,0.006125725997310716,9.5367431640625e-07,0.06117701530456543,0.0013074106640285916,0.006542584438707208,news18_com
cnbc_com_v2.pcap,16,18,1966,5547,60.0,589.0,122.875,123.40273244543656,72.0,2757.0,308.1666666666667,612.1251914437112,8.106231689453125e-06,0.05949711799621582,0.006548531850179036,0.01462978768954403,9.5367431640625e-07,0.06310606002807617,0.005543652702780331,0.014721296137204486,cnbc_com
ndtv_com_v3.pcap,17,16,2039,5913,60.0,589.0,119.94117647058823,120.32136898286203,72.0,2968.0,369.5625,689.9683841262221,7.152557373046875e-06,0.06723809242248535,0.005944684147834778,0.015986598030688578,9.5367431640625e-07,0.07052803039550781,0.006107139587402344,0.017418549881960625,ndtv_com
timesofindia_com_v2.pcap,149,145,12251,1309630,60.0,589.0,82.22147651006712,61.12994692654932,72.0,56076.0,9031.931034482759,11856.935583434975,4.0531158447265625e-06,0.05824017524719238,0.0021327218493899782,0.006236378334244554,9.5367431640625e-07,0.07235002517700195,0.0021654731697506374,0.008150735412784757,timesofindia_com
indiatimes_com_v5.pcap,18,19,2114,8796,60.0,589.0,117.44444444444444,117.47019585231075,72.0,2944.0,462.94736842105266,732.1126224610249,7.867813110351562e-06,0.09263110160827637,0.009921003790462719,0.02143268350095611,1.9073486328125e-06,0.10648798942565918,0.008615109655592177,0.02430237572393403,indiatimes_com
cnbc_com_v10.pcap,15,16,1906,5404,60.0,589.0,127.06666666666666,126.34211051303872,72.0,2756.0,337.75,642.9870235860129,8.821487426757812e-06,0.06989693641662598,0.009191359792436873,0.01808768422973756,9.5367431640625e-07,0.07391214370727539,0.008296346664428711,0.01853722461596604,cnbc_com
ndtv_com_v7.pcap,17,15,2051,5841,60.0,589.0,120.6470588235294,120.00242212088428,72.0,2968.0,389.4,707.2985036979318,4.0531158447265625e-06,0.05881190299987793,0.005881935358047485,0.014009811786245947,9.5367431640625e-07,0.06217598915100098,0.006451794079371861,0.015872017717823848,ndtv_com
news18_com_v1.pcap,127,188,9960,1229557,60.0,589.0,78.4251968503937,46.95994602289339,72.0,34824.0,6540.196808510638,7395.362736100269,5.9604644775390625e-06,0.5870189666748047,0.00759951462821355,0.052747797212782006,9.5367431640625e-07,0.5425739288330078,0.0050992991197555465,0.04037893905201543,news18_com
nypost_com_v10.pcap,155,149,11024,1581793,60.0,577.0,71.12258064516129,59.60995105104526,60.0,57000.0,10616.060402684563,12841.830610387357,3.0994415283203125e-06,0.06017804145812988,0.0020679808282232904,0.006440611876882228,9.5367431640625e-07,0.07259106636047363,0.002069938827205349,0.00763944681911095,nypost_com
indiatimes_com_v1.pcap,19,15,2186,8508,60.0,589.0,115.05263157894737,114.78651749372811,72.0,2968.0,567.2,774.0006201547902,6.9141387939453125e-06,0.09556007385253906,0.009720550643073188,0.021717977070176135,9.5367431640625e-07,0.10936188697814941,0.01149092401776995,0.027795936997877423,indiatimes_com
washingtonpost_com_v3.pcap,17,15,2045,5427,60.0,589.0,120.29411764705883,120.36794800350462,72.0,2968.0,361.8,720.5468478870753,3.0994415283203125e-06,0.05895805358886719,0.005799874663352966,0.014081195674185814,1.1920928955078125e-06,0.06259512901306152,0.006347724369594029,0.016003667393895395,washingtonpost_com
rt_com_v2.pcap,148,143,11465,393472,60.0,589.0,77.46621621621621,43.34609548495791,72.0,2968.0,2751.5524475524476,730.274071343921,6.9141387939453125e-06,0.20868897438049316,0.012512855789288372,0.035712596395999954,9.5367431640625e-07,0.26434803009033203,0.011502767952395156,0.03504158480189977,rt_com
express_co_uk_v6.pcap,14,13,1846,6875,72.0,589.0,131.85714285714286,128.91406724905502,72.0,2928.0,528.8461538461538,852.3732340808895,1.5974044799804688e-05,0.07171392440795898,0.007376542458167443,0.01867824186607253,1.9073486328125e-06,0.07541894912719727,0.0077632466952006025,0.020572832655947244,express_co_uk
ndtv_com_v1.pcap,17,15,2051,5844,60.0,589.0,120.6470588235294,120.00242212088428,72.0,2968.0,389.6,707.3067981199295,6.198883056640625e-06,0.05791902542114258,0.008004441857337952,0.016808791950507135,9.5367431640625e-07,0.0616610050201416,0.00884042467389788,0.018615061805222294,ndtv_com
cnbc_com_v4.pcap,16,17,1966,5474,60.0,589.0,122.875,123.40273244543656,72.0,2755.0,322.0,626.6689716269667,7.867813110351562e-06,0.06031203269958496,0.006690470377604166,0.014910947158682433,9.5367431640625e-07,0.06366705894470215,0.0060455650091171265,0.015334521006769035,cnbc_com
express_co_uk_v2.pcap,15,14,1918,6922,72.0,589.0,127.86666666666666,125.4346399081565,72.0,2928.0,494.42857142857144,830.3455145115121,9.059906005859375e-06,0.058535099029541016,0.0056563615798950195,0.014742919309493693,9.5367431640625e-07,0.06222200393676758,0.0058343777289757365,0.01635674623833649,express_co_uk
express_co_uk_v7.pcap,15,11,1918,6708,72.0,589.0,127.86666666666666,125.4346399081565,72.0,2928.0,609.8181818181819,903.2366868084436,1.1920928955078125e-05,0.09178400039672852,0.008309858185904366,0.02322145942639658,3.1948089599609375e-05,0.09577584266662598,0.011313796043395996,0.028226442018821487,express_co_uk
rt_com_v8.pcap,148,143,11465,393472,60.0,589.0,77.46621621621621,43.34609548495791,72.0,2968.0,2751.5524475524476,730.1555220705335,4.0531158447265625e-06,0.2056260108947754,0.01268995862428834,0.035288414339453095,9.5367431640625e-07,0.29089784622192383,0.011697456870280521,0.035786614494439914,rt_com
express_co_uk_v3.pcap,16,13,1990,6875,72.0,589.0,124.375,122.2021250838135,72.0,2928.0,528.8461538461538,852.3732340808895,1.5974044799804688e-05,0.09835219383239746,0.007919740676879884,0.024212529504686952,2.2172927856445312e-05,0.10213899612426758,0.009688079357147217,0.027935884982239405,express_co_uk
timesofindia_com_v9.pcap,146,146,12035,1309718,60.0,589.0,82.43150684931507,61.73705926565098,72.0,56076.0,8970.671232876712,10900.185909630849,5.0067901611328125e-06,0.3205111026763916,0.00553724847990891,0.031080168943121766,9.5367431640625e-07,0.2660191059112549,0.005512614085756499,0.03054853269414122,timesofindia_com
express_co_uk_v5.pcap,16,14,1990,6926,72.0,589.0,124.375,122.2021250838135,72.0,2928.0,494.7142857142857,817.2659497697559,6.198883056640625e-06,0.09846377372741699,0.008217859268188476,0.024187931641025017,0.0,0.10260295867919922,0.009222929294292744,0.02702972652745891,express_co_uk
ndtv_com_v4.pcap,16,14,1967,5769,60.0,589.0,122.9375,123.40759131329807,72.0,3405.0,412.07142857142856,842.0620493158207,2.7179718017578125e-05,0.09303712844848633,0.008258533477783204,0.02277944453125236,9.5367431640625e-07,0.09656500816345215,0.009217464006864108,0.02539859116980868,ndtv_com
timesofindia_com_v5.pcap,149,142,12263,1309431,60.0,589.0,82.30201342281879,61.10851879870458,72.0,55096.0,9221.345070422536,10575.596921884166,6.9141387939453125e-06,0.05836606025695801,0.002525295760180499,0.007994593474261328,9.5367431640625e-07,0.07164692878723145,0.0026235664989931362,0.009805238859038456,timesofindia_com
washingtonpost_com_v1.pcap,17,13,2045,5284,60.0,589.0,120.29411764705883,120.36794800350462,72.0,2968.0,406.46153846153845,764.3353689402433,7.867813110351562e-06,0.058487892150878906,0.0059913694858551025,0.01399858342490529,9.5367431640625e-07,0.06203508377075195,0.007655998071034749,0.01695561506901906,washingtonpost_com
indiatimes_com_v9.pcap,19,16,2186,8580,60.0,589.0,115.05263157894737,114.78651749372811,72.0,2968.0,536.25,757.4998762376136,4.0531158447265625e-06,0.06952095031738281,0.008220394452412924,0.015976831357244932,9.5367431640625e-07,0.08327794075012207,0.00893106460571289,0.020603145708106185,indiatimes_com
ndtv_com_v8.pcap,17,19,2039,6130,60.0,589.0,119.94117647058823,120.32136898286203,72.0,2968.0,322.63157894736844,641.6386268171694,6.9141387939453125e-06,0.05973100662231445,0.005375489592552185,0.01417195845724226,9.5367431640625e-07,0.0630950927734375,0.0045745107862684466,0.014355053190546993,ndtv_com
abc_net_au_v5.pcap,76,79,6288,866045,60.0,589.0,82.73684210526316,60.3222417785148,72.0,56544.0,10962.594936708861,15573.148648339087,2.86102294921875e-06,0.05751609802246094,0.001592718760172526,0.006636487519699398,0.0,0.060951948165893555,0.001483614628131573,0.006906468794732909,abc_net_au
nypost_com_v1.pcap,258,315,17204,1592786,60.0,577.0,66.68217054263566,46.52347652698541,60.0,16120.0,5056.463492063492,4811.103430947036,4.0531158447265625e-06,0.7454450130462646,0.01008021414048013,0.058462536494778033,9.5367431640625e-07,0.6919240951538086,0.008211646110388883,0.049238907248349874,nypost_com
express_co_uk_v4.pcap,15,12,1918,6779,72.0,589.0,127.86666666666666,125.4346399081565,72.0,2928.0,564.9166666666666,877.392012190421,9.059906005859375e-06,0.058013916015625,0.005599498748779297,0.01462036656095433,1.9073486328125e-06,0.061868906021118164,0.006816994060169567,0.01749573260296006,express_co_uk
washingtonpost_com_v4.pcap,16,17,1985,5570,60.0,589.0,124.0625,123.09572938875662,72.0,2968.0,327.6470588235294,683.2088597352653,5.0067901611328125e-06,0.058563947677612305,0.007932408650716146,0.015023245150737895,9.5367431640625e-07,0.06250786781311035,0.007165685296058655,0.015601202854269502,washingtonpost_com
abc_net_au_v8.pcap,71,71,5940,864780,60.0,589.0,83.66197183098592,62.29279877490233,72.0,56544.0,12180.0,15650.958348913866,5.9604644775390625e-06,0.09044194221496582,0.0022993564605712892,0.01073262698687556,1.9073486328125e-06,0.09413909912109375,0.0022409030369349887,0.011197650239371604,abc_net_au
news18_com_v6.pcap,93,92,7512,1221740,60.0,589.0,80.7741935483871,54.68858641951436,72.0,56544.0,13279.782608695652,16391.387822789406,4.0531158447265625e-06,0.05803990364074707,0.0013075341349062712,0.006073979512503902,9.5367431640625e-07,0.06152796745300293,0.0012806378878079928,0.0064788959929130635,news18_com
abc_net_au_v2.pcap,70,74,5856,865685,60.0,589.0,83.65714285714286,62.76893811302478,72.0,56544.0,11698.445945945947,16656.900906670657,5.9604644775390625e-06,0.05738210678100586,0.0017075953276261039,0.006874464584126755,9.5367431640625e-07,0.06084799766540527,0.0015631211947088372,0.007106729514108077,abc_net_au
indiatimes_com_v6.pcap,19,16,2186,8580,60.0,589.0,115.05263157894737,114.78651749372811,72.0,2968.0,536.25,757.4998762376136,4.0531158447265625e-06,0.06135296821594238,0.007784167925516765,0.01428557546261883,1.1920928955078125e-06,0.07512998580932617,0.008420070012410482,0.01869125460707752,indiatimes_com
indiatimes_com_v10.pcap,19,19,2198,8796,60.0,589.0,115.6842105263158,114.51456015518126,72.0,2944.0,462.94736842105266,711.3786817222347,8.106231689453125e-06,0.057832956314086914,0.008024387889438205,0.014021685402002484,9.5367431640625e-07,0.07202386856079102,0.0072610510720147025,0.01653193578023488,indiatimes_com
news18_com_v5.pcap,86,82,7008,1221019,60.0,589.0,81.48837209302326,56.81114044573713,72.0,56544.0,14890.475609756097,18356.90612397762,5.0067901611328125e-06,0.06012606620788574,0.001430045857149012,0.006512957478858556,9.5367431640625e-07,0.06361198425292969,0.0014542238211926119,0.007061472460465775,news18_com
express_co_uk_v8.pcap,16,13,1990,6852,72.0,589.0,124.375,122.2021250838135,72.0,2928.0,527.0769230769231,839.1960861478783,5.0067901611328125e-06,0.05949115753173828,0.005261802673339843,0.014570958375480515,2.1457672119140625e-06,0.06316089630126953,0.006310085455576579,0.017213608941403703,express_co_uk
cnbc_com_v6.pcap,17,16,2038,5403,60.0,589.0,119.88235294117646,120.31521460335722,72.0,2756.0,337.6875,642.9700341724722,9.059906005859375e-06,0.058259010314941406,0.005449369549751282,0.013820163862101874,9.5367431640625e-07,0.06202101707458496,0.005559412638346354,0.015312567048490289,cnbc_com
timesofindia_com_v6.pcap,136,129,11315,1308486,60.0,589.0,83.19852941176471,63.89937170050832,72.0,56544.0,10143.302325581395,12482.1258069504,3.814697265625e-06,0.06381988525390625,0.002267689175075955,0.006805281513395685,9.5367431640625e-07,0.07095694541931152,0.0023613590747117996,0.008798217131124423,timesofindia_com
rt_com_v3.pcap,149,142,11525,393400,60.0,589.0,77.3489932885906,43.22392547982959,72.0,2968.0,2770.4225352112676,697.452460129041,4.0531158447265625e-06,0.20341086387634277,0.012445027763779098,0.034890330793291534,2.1457672119140625e-06,0.26130104064941406,0.01162447489745228,0.034475089272815604,rt_com
timesofindia_com_v7.pcap,160,155,13149,1310386,60.0,589.0,82.18125,59.53002098468888,72.0,49304.0,8454.103225806452,9987.975583040286,4.0531158447265625e-06,0.11174893379211426,0.0027479945488695827,0.010678713904029802,9.5367431640625e-07,0.07181406021118164,0.0028131751271037314,0.010098712164755485,timesofindia_com
nypost_com_v8.pcap,289,356,19064,1595673,60.0,577.0,65.96539792387543,44.00611997306593,60.0,19040.0,4482.2275280898875,4433.6560535974995,4.0531158447265625e-06,0.544173002243042,0.00817767365111245,0.03858222570782822,9.5367431640625e-07,0.5309169292449951,0.006599275830765845,0.03444627979996232,nypost_com
timesofindia_com_v8.pcap,136,130,11315,1308574,60.0,589.0,83.19852941176471,63.89937170050832,72.0,56544.0,10065.953846153847,12362.60977044618,5.0067901611328125e-06,0.05826210975646973,0.002369126567134151,0.006919544378298477,9.5367431640625e-07,0.08358287811279297,0.0024486752443535383,0.009346493712330891,timesofindia_com
ndtv_com_v9.pcap,17,16,2039,5915,60.0,589.0,119.94117647058823,120.32136898286203,72.0,2968.0,369.6875,689.1480899224418,5.0067901611328125e-06,0.05803799629211426,0.005506306886672974,0.013751981338652512,9.5367431640625e-07,0.06196403503417969,0.005583063761393229,0.01529872258859473,ndtv_com
timesofindia_com_v3.pcap,140,136,11603,1309064,60.0,589.0,82.87857142857143,63.007535587549576,72.0,56076.0,9625.470588235294,12292.816082945965,2.86102294921875e-06,0.09021306037902832,0.0027773517498867117,0.010490154117286014,9.5367431640625e-07,0.11878490447998047,0.0028291861216227215,0.013048812612112961,timesofindia_com
ndtv_com_v5.pcap,18,15,2111,5841,60.0,589.0,117.27777777777777,117.44587668631574,72.0,2968.0,389.4,707.2985036979318,5.0067901611328125e-06,0.06346392631530762,0.00542764102711397,0.01470056709311937,1.9073486328125e-06,0.06674981117248535,0.00633035387311663,0.016976061576077717,ndtv_com
washingtonpost_com_v9.pcap,18,16,2148,5511,60.0,589.0,119.33333333333333,117.04367655803632,72.0,2968.0,344.4375,700.8996868980254,6.9141387939453125e-06,0.057984113693237305,0.005375062718110926,0.013408751399782828,9.5367431640625e-07,0.06153106689453125,0.005834738413492839,0.015277152689303283,washingtonpost_com
abc_net_au_v10.pcap,72,76,6000,865109,60.0,589.0,83.33333333333333,61.92064814475593,72.0,56544.0,11383.013157894737,15214.517734970164,5.9604644775390625e-06,0.09325981140136719,0.002688266861606652,0.01160830179806206,9.5367431640625e-07,0.09653902053833008,0.002497123082478841,0.011650216341569751,abc_net_au
rt_com_v5.pcap,150,143,11597,393472,60.0,589.0,77.31333333333333,43.081803841322866,72.0,2968.0,2751.5524475524476,730.619888912442,5.0067901611328125e-06,0.20462608337402344,0.012409362216923861,0.03417200729490993,9.5367431640625e-07,0.262814998626709,0.011581986722811846,0.0341786797492924,rt_com
news18_com_v7.pcap,93,91,7512,1221647,60.0,589.0,80.7741935483871,54.68858641951436,72.0,56544.0,13424.692307692309,17926.363001311114,2.86102294921875e-06,0.060398101806640625,0.0013048597004102624,0.006302124929614564,9.5367431640625e-07,0.0639348030090332,0.0012900431950887044,0.006748908302029739,news18_com
abc_net_au_v3.pcap,77,77,6360,865877,60.0,589.0,82.59740259740259,59.94158622765388,72.0,56544.0,11245.155844155845,15701.786472985967,5.9604644775390625e-06,0.05980396270751953,0.0016150537290071185,0.006852365261715837,9.5367431640625e-07,0.06350302696228027,0.0015619459905122455,0.007284946589003247,abc_net_au
indiatimes_com_v4.pcap,17,18,2054,8724,60.0,589.0,120.82352941176471,120.02266221996071,72.0,2944.0,484.6666666666667,746.1924833595032,7.867813110351562e-06,0.05959820747375488,0.010158002376556396,0.015334653844310625,9.5367431640625e-07,0.07424187660217285,0.00872511022231158,0.01783982004196335,indiatimes_com
washingtonpost_com_v2.pcap,17,15,2045,5427,60.0,589.0,120.29411764705883,120.36794800350462,72.0,2968.0,361.8,720.5468478870753,6.198883056640625e-06,0.05856513977050781,0.0059293657541275024,0.014045028425369425,9.5367431640625e-07,0.06232309341430664,0.00647406918661935,0.015996935892150975,washingtonpost_com
timesofindia_com_v4.pcap,147,147,12107,1309802,60.0,589.0,82.36054421768708,61.532685366488835,72.0,56544.0,8910.21768707483,11748.463890626172,3.0994415283203125e-06,0.5380048751831055,0.006990081643405026,0.04748755517026606,0.0,0.4839301109313965,0.0069644385821198765,0.0434397628423348,timesofindia_com
indiatimes_com_v8.pcap,17,18,2054,8724,60.0,589.0,120.82352941176471,120.02266221996071,72.0,2944.0,484.6666666666667,746.1924833595032,8.821487426757812e-06,0.09364199638366699,0.012224555015563965,0.02313672402964501,9.5367431640625e-07,0.10766887664794922,0.010705232620239258,0.025500312372835045,indiatimes_com
express_co_uk_v9.pcap,14,13,1846,6873,72.0,589.0,131.85714285714286,128.91406724905502,72.0,2928.0,528.6923076923077,852.2271622605527,1.6927719116210938e-05,0.10571503639221191,0.010161528220543494,0.02766507237128684,2.1457672119140625e-06,0.10953211784362793,0.010918994744618734,0.029871331855321526,express_co_uk
rt_com_v10.pcap,151,145,11669,393594,60.0,589.0,77.27814569536424,42.941074509206956,72.0,2968.0,2714.441379310345,752.8898062510331,3.0994415283203125e-06,0.20502686500549316,0.012570219039916992,0.036190792973904075,9.5367431640625e-07,0.26097583770751953,0.011670374208026461,0.03566775508901863,rt_com
washingtonpost_com_v10.pcap,15,12,1913,5211,60.0,589.0,127.53333333333333,126.37239501656296,72.0,3654.0,434.25,976.6519445704971,1.3113021850585938e-05,0.09694790840148926,0.010103498186383928,0.02442654949702958,2.86102294921875e-06,0.10050487518310547,0.01251099326393821,0.028255587557478454,washingtonpost_com
cnbc_com_v1.pcap,16,18,1966,5548,60.0,589.0,122.875,123.40273244543656,72.0,2757.0,308.22222222222223,612.1436428700152,8.106231689453125e-06,0.06075787544250488,0.00594180425008138,0.014828040840004036,9.5367431640625e-07,0.06407403945922852,0.005042286480174345,0.014966697452315115,cnbc_com
abc_net_au_v6.pcap,74,73,6156,865612,60.0,589.0,83.1891891891892,61.06037678278853,72.0,57244.0,11857.698630136987,13744.471646472375,5.9604644775390625e-06,0.0966498851776123,0.0026714246566981485,0.011610118927819912,9.5367431640625e-07,0.1003868579864502,0.0026513602998521593,0.012043560053201275,abc_net_au
cnbc_com_v5.pcap,16,18,1966,5546,60.0,589.0,122.875,123.40273244543656,72.0,2755.0,308.1111111111111,611.6991716057901,7.867813110351562e-06,0.0703420639038086,0.00658121109008789,0.01719915021736448,9.5367431640625e-07,0.07368993759155273,0.005594702327952665,0.01720961443398095,cnbc_com
rt_com_v6.pcap,150,144,11597,393545,60.0,589.0,77.31333333333333,43.081803841322866,72.0,2968.0,2732.9513888888887,760.9958600582848,4.0531158447265625e-06,0.20371103286743164,0.012102187879933607,0.03412378843717565,1.9073486328125e-06,0.25974202156066895,0.011185629384500998,0.0338694560233655,rt_com
news18_com_v8.pcap,90,88,7327,1221464,60.0,589.0,81.41111111111111,55.60753235238,72.0,56544.0,13880.272727272728,17857.073254625866,5.0067901611328125e-06,0.05983781814575195,0.001376326164502776,0.006385782444827588,9.5367431640625e-07,0.06356000900268555,0.0013620442357556574,0.0069102022327833705,news18_com
indiatimes_com_v7.pcap,18,14,2126,8436,60.0,589.0,118.11111111111111,117.17597824018031,72.0,2968.0,602.5714285714286,789.3675329279868,8.106231689453125e-06,0.05843305587768555,0.008977357079001033,0.015214507518849509,9.5367431640625e-07,0.07169294357299805,0.01070869885958158,0.018879741766701003,indiatimes_com
nypost_com_v4.pcap,142,133,10244,1580369,60.0,577.0,72.14084507042253,62.179498404386216,60.0,57000.0,11882.473684210527,14632.32204555368,2.86102294921875e-06,0.060051918029785156,0.0022504329681396484,0.007023586788290249,9.5367431640625e-07,0.0725240707397461,0.0023118420080705123,0.008326086174608073,nypost_com
cnbc_com_v8.pcap,16,17,1978,5487,60.0,589.0,123.625,123.05429441917092,72.0,2756.0,322.7647058823529,626.6220860728779,8.106231689453125e-06,0.05732107162475586,0.007013924916585286,0.013946955971480778,9.5367431640625e-07,0.06067299842834473,0.006349191069602966,0.014622556441194035,cnbc_com
indiatimes_com_v3.pcap,21,18,2330,8724,60.0,589.0,110.95238095238095,109.91272563373099,72.0,1520.0,484.6666666666667,546.2320426745803,4.0531158447265625e-06,0.09322595596313477,0.008322393894195557,0.02022998302298893,9.5367431640625e-07,0.1066579818725586,0.00899341527153464,0.02492118521164369,indiatimes_com
washingtonpost_com_v8.pcap,17,15,2045,5428,60.0,589.0,120.29411764705883,120.36794800350462,72.0,2968.0,361.8666666666667,720.5835474730802,5.9604644775390625e-06,0.05911397933959961,0.005834996700286865,0.014103667128939427,9.5367431640625e-07,0.06278300285339355,0.0063762835093906945,0.016050642811293477,washingtonpost_com
indiatimes_com_v2.pcap,18,19,2126,8796,60.0,589.0,118.11111111111111,117.17597824018031,72.0,2944.0,462.94736842105266,711.3786817222347,5.9604644775390625e-06,0.05864596366882324,0.008555776932660271,0.014125592434860636,0.0,0.07258987426757812,0.007333609792921279,0.016753714490391394,indiatimes_com
news18_com_v9.pcap,87,87,7080,1221337,60.0,589.0,81.37931034482759,56.49275029865323,72.0,56544.0,14038.356321839081,15911.536864859107,4.0531158447265625e-06,0.05759692192077637,0.0014644306759501612,0.0062579873026942555,9.5367431640625e-07,0.061125993728637695,0.0014193141183187795,0.0066435287456027125,news18_com
news18_com_v4.pcap,84,84,6864,1221151,60.0,589.0,81.71428571428571,57.46439299762101,72.0,56544.0,14537.511904761905,17585.881619785127,4.0531158447265625e-06,0.058367013931274414,0.0018784942397152085,0.00677019147994314,9.5367431640625e-07,0.06184816360473633,0.0018323990235845726,0.007131436590205107,news18_com
rt_com_v9.pcap,149,145,11525,393594,60.0,589.0,77.3489932885906,43.22392547982959,72.0,2968.0,2714.441379310345,771.8981340320984,7.152557373046875e-06,0.20476603507995605,0.01272852034182162,0.03653993262522559,1.9073486328125e-06,0.26168394088745117,0.011660521229108175,0.0353400112831719,rt_com
washingtonpost_com_v5.pcap,17,18,2045,5643,60.0,589.0,120.29411764705883,120.36794800350462,72.0,2968.0,313.5,666.5740143950007,5.9604644775390625e-06,0.06068015098571777,0.0059081315994262695,0.014505882195388273,9.5367431640625e-07,0.06417202949523926,0.005330113803639132,0.015111066985254346,washingtonpost_com
timesofindia_com_v10.pcap,134,132,11171,1308717,60.0,589.0,83.36567164179104,64.35970986882744,72.0,56076.0,9914.522727272728,12671.569518716507,5.0067901611328125e-06,0.0683281421661377,0.002345676708938484,0.0071623095884242,0.0,0.07317519187927246,0.0023530221167411512,0.00908057859248574,timesofindia_com
nypost_com_v5.pcap,143,135,10304,1580473,60.0,577.0,72.05594405594405,61.96996522947487,60.0,57000.0,11707.207407407408,14514.902468176835,5.0067901611328125e-06,0.058448076248168945,0.0021721611560230523,0.006430777167028225,9.5367431640625e-07,0.07176709175109863,0.002205896733412102,0.007815075106309199,nypost_com
abc_net_au_v7.pcap,77,78,6360,865284,60.0,589.0,82.59740259740259,59.94158622765388,72.0,56544.0,11093.384615384615,16068.009672216092,5.0067901611328125e-06,0.05740499496459961,0.001577540447837428,0.006585575166902889,9.5367431640625e-07,0.06108999252319336,0.0015055328220516056,0.006968621495232121,abc_net_au
ndtv_com_v10.pcap,17,16,2039,5915,60.0,589.0,119.94117647058823,120.32136898286203,72.0,2968.0,369.6875,689.1480899224418,5.0067901611328125e-06,0.057286977767944336,0.005476564168930054,0.013593504614582091,9.5367431640625e-07,0.06112408638000488,0.005571397145589193,0.015100160474257813,ndtv_com
rt_com_v7.pcap,149,144,11537,393501,60.0,589.0,77.42953020134229,43.20269924353038,72.0,2968.0,2732.6458333333335,742.3451715560888,3.814697265625e-06,0.2051529884338379,0.01264268159866333,0.036214568603152246,1.1920928955078125e-06,0.26140522956848145,0.011651595989307324,0.035149300677625124,rt_com
express_co_uk_v1.pcap,16,14,1990,6923,72.0,589.0,124.375,122.2021250838135,72.0,2928.0,494.5,817.0446525653995,4.0531158447265625e-06,0.058293819427490234,0.005212465922037761,0.014270013323458322,9.5367431640625e-07,0.062113046646118164,0.005756084735576923,0.01635072821793269,express_co_uk
news18_com_v2.pcap,94,93,7584,1221812,60.0,589.0,80.68085106382979,54.404359330565654,72.0,56544.0,13137.763440860215,16585.474430147362,1.9073486328125e-06,0.05836892127990723,0.0013580322265625,0.0060865836322273725,9.5367431640625e-07,0.062307119369506836,0.0013291421143904977,0.006533429990857295,news18_com
cnbc_com_v3.pcap,16,18,1966,5547,60.0,589.0,122.875,123.40273244543656,72.0,2756.0,308.1666666666667,611.9214047208642,9.059906005859375e-06,0.09284806251525879,0.008278258641560872,0.022767777923433426,0.0,0.09642696380615234,0.007074650596169864,0.02252898199673147,cnbc_com
ndtv_com_v6.pcap,17,16,2039,5914,60.0,589.0,119.94117647058823,120.32136898286203,72.0,2968.0,369.625,689.1478320179206,5.0067901611328125e-06,0.05976700782775879,0.00540567934513092,0.014170273228837474,9.5367431640625e-07,0.06314897537231445,0.005523411432902018,0.01557541929272433,ndtv_com
abc_net_au_v1.pcap,74,75,6144,865712,60.0,589.0,83.02702702702703,61.1057950480863,72.0,56544.0,11542.826666666666,16263.110437529742,5.0067901611328125e-06,0.05755805969238281,0.0015945597870709145,0.006750458490499517,9.5367431640625e-07,0.06111598014831543,0.001522041655875541,0.007127155083449182,abc_net_au
nypost_com_v9.pcap,150,146,10724,1581634,60.0,577.0,71.49333333333334,60.56013503581011,60.0,57000.0,10833.109589041096,13112.550133429,5.0067901611328125e-06,0.05940389633178711,0.0021069529872612667,0.007145268980239669,9.5367431640625e-07,0.07227015495300293,0.0020794835583917027,0.007542531139062355,nypost_com
nypost_com_v3.pcap,156,151,11084,1581462,60.0,577.0,71.05128205128206,59.42521640272075,60.0,57000.0,10473.258278145695,13234.969297188822,2.86102294921875e-06,0.05949711799621582,0.001956999686456496,0.007017934625227211,0.0,0.07099103927612305,0.0019384002685546874,0.007357966733903566,nypost_com
news18_com_v10.pcap,80,87,6696,1221380,60.0,589.0,83.7,58.68441019555365,72.0,56544.0,14038.850574712644,18435.169348522584,4.0531158447265625e-06,0.05810904502868652,0.0018401508089862292,0.0067272597446925795,9.5367431640625e-07,0.06193995475769043,0.0016418113264926645,0.006898700958607186,news18_com
